start_pos	end_pos	read_read_score	start_ref_score	end_ref_score	evidence_score
2383556	2383739	57.499999999999986	49.0	34.0	621.5095931892079
2383556	2383738	54.899999999999984	49.0	34.0	600.3372681281617
2383556	2383737	50.09999999999999	49.0	34.0	561.7303832908004
19583699	19583705	54.9	74.0	74.0	378.793343294348
179606025	179606031	54.9	74.0	54.0	358.1843474676696
179606025	179606032	52.3	74.0	49.0	344.03034343486644
22182896	22183193	64.40000000000003	-91.0	-46.0	195.26806857050357
35928488	35928731	63.90000000000003	-126.0	-46.0	159.81265980071228
35928488	35928729	58.69999999999999	-126.0	-46.0	120.53453611957478
35928488	35928728	56.09999999999999	-126.0	-46.0	100.76923076923067
35928488	35928727	53.499999999999986	-126.0	-46.0	80.92290648105767
35928488	35928725	52.29999999999998	-126.0	-46.0	71.93792453286264
35928488	35928726	50.899999999999984	-126.0	-46.0	60.997973168612944
121485044	121485382	68.60000000000001	-126.0	-126.0	30.350247273220017
121485044	121485384	66.5	-126.0	-126.0	18.79194630872483
121484866	121485202	66.30000000000001	-126.0	-126.0	18.052516411378615
121484090	121484424	66.00000000000003	-126.0	-126.0	16.564290151149304
121485044	121485381	65.60000000000001	-126.0	-126.0	14.15712365362696
121485009	121485338	65.10000000000002	-126.0	-126.0	11.864197312900677
121484199	121485209	76.0	-126.0	-126.0	5.976152851601781
121484294	121485314	75.7	-126.0	-126.0	5.704660303200451
121485005	121485338	64.0	-126.0	-126.0	5.54698469378911
121484537	121485211	67.20000000000002	-126.0	-126.0	5.0779065725642125
121484294	121485313	73.8	-126.0	-126.0	4.862393969280812
121484199	121485210	72.9	-126.0	-126.0	4.540496846160575
121484083	121484762	66.8	-126.0	-126.0	4.513047383286134
121484537	121485209	66.30000000000001	-126.0	-126.0	4.018509498295192
121484090	121484767	66.30000000000001	-126.0	-126.0	3.947235626791876
121484090	121484768	66.3	-126.0	-126.0	3.9331952742062803
121484090	121484770	66.3	-126.0	-126.0	3.905325443786979
121484866	121485203	63.699999999999996	-126.0	-126.0	3.8115332913610684
121484856	121485194	63.7	-126.0	-126.0	3.793780909152512
121484199	121485207	71.20000000000002	-126.0	-126.0	3.78717901348606
121484090	121485106	71.30000000000001	-126.0	-126.0	3.7628071448000777
121484199	121485211	71.2	-126.0	-126.0	3.7520876707314303
121484090	121485107	71.2	-126.0	-126.0	3.7088915870070083
121484317	121485334	71.2	-126.0	-126.0	3.7088915870070083
121484294	121485309	70.5	-126.0	-126.0	3.408001704000852
121484537	121485210	65.80000000000001	-126.0	-126.0	3.3974269041326646
121484317	121485336	70.5	-126.0	-126.0	3.3766624786672317
121484090	121484769	65.8	-126.0	-126.0	3.3254033350529397
121484201	121485207	69.80000000000001	-126.0	-126.0	3.1552877169985374
121484201	121485209	69.80000000000001	-126.0	-126.0	3.140587474598195
121484199	121485208	69.80000000000001	-126.0	-126.0	3.1332750644006153
121484389	121485399	69.8	-126.0	-126.0	3.1259876454532383
121484389	121485400	69.8	-126.0	-126.0	3.118725106453725
121484504	121485181	65.5	-126.0	-126.0	2.9903300202968652
121484391	121485399	69.4	-126.0	-126.0	2.9558470349159456
121484198	121485212	69.4	-126.0	-126.0	2.9149041554463757
121484317	121485335	69.10000000000001	-126.0	-126.0	2.7526920538580035
121484201	121485208	68.9	-126.0	-126.0	2.731287857197626
121484083	121484424	63.5	-126.0	-126.0	2.671966066030962
121484739	121485405	65.10000000000002	-126.0	-126.0	2.6131997697895724
121484391	121485401	68.5	-126.0	-126.0	2.5283723602930612
121484083	121484763	65.1	-126.0	-126.0	2.485207100591709
121484389	121485401	68.10000000000001	-126.0	-126.0	2.333615502528088
121484199	121485212	68.10000000000001	-126.0	-126.0	2.3282056695802558
121484391	121485400	68.0	-126.0	-126.0	2.303878723823978
121484294	121485308	67.9	-126.0	-126.0	2.231723494013632
121484294	121485310	67.80000000000001	-126.0	-126.0	2.176081240366312
121484201	121485210	67.2	-126.0	-126.0	1.9352581280121428
121484201	121485211	67.2	-126.0	-126.0	1.9307570751328846
121484391	121485402	66.8	-126.0	-126.0	1.7428169712535515
121484119	121485133	66.80000000000001	-126.0	-126.0	1.730724342296289
121484056	121485405	69.9	-126.0	-126.0	1.623289499125498
121484083	121485103	66.5	-126.0	-126.0	1.5721504772599664
121484389	121485398	66.3	-126.0	-126.0	1.5205599577238242
121484198	121485211	66.30000000000001	-126.0	-126.0	1.5064860214931093
121484119	121485135	66.3	-126.0	-126.0	1.4960558527518348
121484389	121485395	66.00000000000003	-126.0	-126.0	1.3920386986758362
121484389	121485396	66.00000000000001	-126.0	-126.0	1.3887904358632046
121484199	121485206	66.0	-126.0	-126.0	1.3887904358631982
121484389	121485402	66.0	-126.0	-126.0	1.369532746811913
121484537	121485212	64.10000000000001	-126.0	-126.0	1.3251764705882456
121484317	121485337	65.30000000000001	-126.0	-126.0	1.0331274564851258
121484317	121485338	65.3	-126.0	-126.0	1.0307531360244004
121484056	121485404	67.30000000000001	-126.0	-126.0	1.0133264207189931
121484199	121485205	65.10000000000002	-126.0	-126.0	0.9744270890730866
121484098	121485107	64.9	-126.0	-126.0	0.8754739150531142
121484090	121484766	63.699999999999996	-126.0	-126.0	0.8402856971370215
121484504	121485182	63.699999999999996	-126.0	-126.0	0.8343141490740551
121484389	121485397	64.60000000000001	-126.0	-126.0	0.7389617587289897
121484294	121485311	64.60000000000001	-126.0	-126.0	0.7236861633184443
121484391	121485403	64.2	-126.0	-126.0	0.5490860005948446
121484201	121485212	64.1	-126.0	-126.0	0.5044996495733942
121484090	121485105	63.900000000000006	-126.0	-126.0	0.40896020448010484
121484056	121485403	64.70000000000002	-126.0	-126.0	0.4012956538352913
121484294	121485312	63.8	-126.0	-126.0	0.36100879394858887
121484201	121485205	63.699999999999996	-126.0	-126.0	0.3263327195170257
121484198	121485210	63.699999999999996	-126.0	-126.0	0.32030016701365666
121484119	121485132	63.699999999999996	-126.0	-126.0	0.3195576409227777
121484389	121485403	63.4	-126.0	-126.0	0.18218150971539765
121484389	121485404	63.4	-126.0	-126.0	0.1817600908800448
121484201	121485206	63.199999999999996	-126.0	-126.0	0.09301987573125776
16361458	16384715	70.8	64.0	64.0	0.061873519215095436
16361458	16384720	66.5	64.0	44.0	0.056251614554822506
16361393	16385002	51.699999999999996	49.0	69.0	0.04741421711322191
121351916	121357851	65.8	-126.0	-126.0	0.027209045793036613
121354553	121356571	63.199999999999996	-126.0	-126.0	0.019132325139516095
121353530	121373179	65.0	-126.0	-126.0	0.001691762907644117
121354553	121373177	64.5	-126.0	-126.0	0.001413911455963068
121354553	121373178	64.5	-126.0	-126.0	0.0014137580007105607
149262515	149648118	67.9	49.0	54.0	0.00020175646560185285
13512798	13733639	67.9	-126.0	-126.0	3.220870525776584e-05
10985876	19583701	51.9	-126.0	69.0	1.6298887465726167e-07
23841055	28499518	69.1	-126.0	-126.0	8.995634538629793e-08
13991693	22183193	50.99999999999999	-101.0	-46.0	6.796090892036172e-08
16361458	36780964	50.099999999999994	64.0	-126.0	2.6554866485649145e-08
27404120	47805959	73.1	-126.0	-126.0	7.764995973258841e-09
27404120	47805960	70.5	-126.0	-126.0	5.766085553499465e-09
43433022	121484112	51.4	39.0	-126.0	1.5574673705064654e-09
43433022	121484114	51.0	39.0	-126.0	1.5364559275762694e-09
36781061	47510602	63.3	-126.0	-126.0	8.339214337357166e-10
27404120	51963627	63.8	-126.0	-126.0	4.2443163770312785e-10
63407772	226106921	77.80000000000001	-126.0	-126.0	1.7891312388858229e-10
36881052	226106920	72.9	-126.0	-121.0	9.964712008349883e-11
63407772	226106920	69.9	-126.0	-121.0	9.852310659570021e-11
35782992	242417927	76.0	-126.0	-126.0	9.74286478818282e-11
63407772	226106918	67.4	-126.0	-116.0	8.341220272682708e-11
36881052	226106918	69.4	-126.0	-116.0	7.953895851930638e-11
63407772	226106922	69.4	-126.0	-126.0	7.736783640616962e-11
27404120	224418816	72.10000000000001	-126.0	-126.0	7.502310019575573e-11
27404120	247093331	72.9	-126.0	-126.0	6.563998988013768e-11
27404120	247093332	72.9	-126.0	-126.0	6.563998928256576e-11
36881052	226106921	70.3	-126.0	-126.0	6.523981784045853e-11
36881052	226106919	69.0	-126.0	-121.0	6.479297114270258e-11
10015619	242417927	72.9	-126.0	-126.0	5.865500105278803e-11
47239581	226106918	63.4	-116.0	-116.0	5.4011050832119444e-11
27404120	203594436	68.2	-126.0	-126.0	5.3603141004876655e-11
36881052	226106922	67.7	-126.0	-126.0	4.200371789168403e-11
27404120	247093329	67.70000000000002	-126.0	-126.0	3.116242000543677e-11
27404120	203594437	65.6	-126.0	-126.0	2.6801570198203592e-11
35782992	242417924	65.80000000000001	-126.0	-126.0	2.0984632460796182e-11
10015619	242417924	65.9	-126.0	-126.0	1.7181768428747398e-11
63407772	226106919	62.4	-126.0	-121.0	7.8576711747762e-12
28672562	226106921	63.3	-126.0	-126.0	2.4627858221375236e-12
27404120	203594438	63.0	-126.0	-126.0	0.0
121484056	121485402	63.0	-126.0	-126.0	0.0
47239581	226106920	58.199999999999996	-116.0	-121.0	-1.0502148538052953e-11
89190253	226106921	59.4	-116.0	-126.0	-1.877721975752088e-11
27404120	203594439	60.9	-126.0	-126.0	-2.1647421591708518e-11
47239581	226106921	58.2	-116.0	-126.0	-2.300470606422246e-11
28672562	226106920	58.4	-126.0	-121.0	-2.7501108625787733e-11
28672562	226106922	59.3	-126.0	-126.0	-3.037435816533876e-11
13512798	179692815	59.9	-126.0	-126.0	-3.5921554248569114e-11
13512798	179692814	59.9	-126.0	-126.0	-3.592155468089062e-11
13733638	179692815	59.9	-126.0	-126.0	-3.601721878339489e-11
13733638	179692814	59.89999999999999	-126.0	-126.0	-3.6017219217444644e-11
10985876	247300686	56.5	-126.0	-126.0	-3.7246218792410245e-11
1704478	247093332	54.699999999999996	-121.0	-126.0	-3.746537970238948e-11
39244568	226106918	56.3	-126.0	-116.0	-3.849076881812526e-11
10985876	247300685	56.0	-126.0	-126.0	-4.011131288514641e-11
10985876	236717432	56.5	-126.0	-126.0	-4.082061599423284e-11
1704478	224418816	55.4	-121.0	-126.0	-4.096643095590582e-11
89190253	226106922	58.0	-116.0	-126.0	-4.267549882553096e-11
10985876	236717431	56.0	-126.0	-126.0	-4.396066376790002e-11
28672562	226106918	54.9	-126.0	-116.0	-4.597200341031779e-11
156544521	226106922	62.3	-126.0	-126.0	-4.629151437057346e-11
89190253	226106920	56.3	-116.0	-121.0	-5.035709008530358e-11
10985876	247300687	53.9	-126.0	-126.0	-5.214470586805838e-11
10243495	226106921	55.4	-126.0	-126.0	-5.219227700008444e-11
84003327	226106922	59.699999999999996	-126.0	-126.0	-5.2294379060888573e-11
26383248	226106921	56.4	-126.0	-126.0	-5.2946309625187305e-11
27404120	203594440	57.8	-126.0	-126.0	-5.360313857099941e-11
1704478	247093331	51.599999999999994	-121.0	-126.0	-5.393951873455475e-11
47239581	226106919	53.8	-116.0	-121.0	-5.451115254512355e-11
10243495	226106922	54.9	-126.0	-126.0	-5.562597891891881e-11
27404120	226212684	56.1	-126.0	-126.0	-5.5863708909669154e-11
10985876	236717433	53.9	-126.0	-126.0	-5.714886188558196e-11
22367238	247300689	53.7	-126.0	-126.0	-5.88200793994051e-11
10985876	198979345	56.5	-126.0	-126.0	-5.885437271597678e-11
28672562	226106919	54.5	-126.0	-121.0	-5.951732524080689e-11
27404120	244982492	53.699999999999996	-126.0	-126.0	-6.286403880079594e-11
10985876	198979344	56.0	-126.0	-126.0	-6.338163282996413e-11
26383248	226106920	53.8	-126.0	-121.0	-6.377623723262102e-11
26383248	226106922	55.0	-126.0	-126.0	-6.417734435756501e-11
22367238	236717435	53.7	-126.0	-126.0	-6.477179957155976e-11
84003327	226106921	58.89999999999999	-126.0	-126.0	-6.497180520220072e-11
39244568	226106921	55.9	-126.0	-126.0	-6.506772615088941e-11
1704405	200317611	54.8	-126.0	-126.0	-6.65194212085997e-11
1704405	200317610	54.8	-126.0	-126.0	-6.651942187843923e-11
10985876	247300688	51.3	-126.0	-126.0	-6.704319269152595e-11
26383248	226106918	52.1	-126.0	-116.0	-6.738621427462377e-11
39244568	226106920	54.2	-126.0	-121.0	-6.919173770383418e-11
22367238	247300686	51.9	-126.0	-126.0	-7.020461276874272e-11
16763226	240812258	51.9	-126.0	-126.0	-7.07599616204113e-11
13512798	179692816	56.8	-126.0	-126.0	-7.184310763249523e-11
13733638	179692816	56.8	-126.0	-126.0	-7.203443669869047e-11
22367238	247300688	51.6	-126.0	-126.0	-7.210203345327115e-11
22367238	247300687	51.599999999999994	-126.0	-126.0	-7.210203409436833e-11
10243495	226106920	51.099999999999994	-126.0	-121.0	-7.313786252643408e-11
10985876	236717434	51.3	-126.0	-126.0	-7.347710748759163e-11
36780859	247093329	52.79999999999999	-126.0	-126.0	-7.37939789776717e-11
47239581	226106922	53.0	-116.0	-126.0	-7.50153450228122e-11
27404120	244982491	51.8	-126.0	-126.0	-7.57072302194475e-11
22367238	247300685	51.0	-126.0	-126.0	-7.589687934375016e-11
16763226	240812260	50.9	-126.0	-126.0	-7.713473156045976e-11
16763226	240812259	50.9	-126.0	-126.0	-7.713473224901259e-11
39523112	226106921	54.6	-126.0	-126.0	-7.721155269276062e-11
22367238	236717432	51.9	-126.0	-126.0	-7.730827907197338e-11
26383248	226106919	52.1	-126.0	-121.0	-7.741392395694597e-11
39523112	226106920	53.3	-126.0	-121.0	-7.767114610087411e-11
22367238	247300690	50.6	-126.0	-126.0	-7.84267718352064e-11
1704478	203594441	51.69999999999999	-121.0	-126.0	-7.890189677867801e-11
6737109	224941964	51.2	-126.0	-126.0	-7.930561971315241e-11
22367238	236717434	51.6	-126.0	-126.0	-7.939769053821877e-11
22367238	236717433	51.599999999999994	-126.0	-126.0	-7.939769127904167e-11
1704405	200317609	53.099999999999994	-126.0	-126.0	-8.031003453999512e-11
27404120	203594441	55.2	-126.0	-126.0	-8.040470694379512e-11
23841055	247300685	50.3	-126.0	-126.0	-8.13872409463578e-11
27404120	244982490	50.9	-126.0	-126.0	-8.179084768533977e-11
10985876	198979346	53.9	-126.0	-126.0	-8.239612092578162e-11
22367238	236717431	51.0	-126.0	-126.0	-8.357651869546045e-11
1704478	203594439	51.099999999999994	-121.0	-126.0	-8.361245943698637e-11
1704409	200317611	52.6	-126.0	-126.0	-8.43660985896051e-11
1704409	200317610	52.6	-126.0	-126.0	-8.436609943915773e-11
22367238	236717436	50.6	-126.0	-126.0	-8.636239862293908e-11
36780862	247093329	50.99999999999999	-126.0	-126.0	-8.681644833287129e-11
39523113	226106921	53.3	-126.0	-126.0	-8.916096061283772e-11
23841055	236717431	50.3	-126.0	-126.0	-8.968082172393408e-11
36780859	244982492	50.8	-126.0	-126.0	-9.006216450251096e-11
36780860	244982490	50.8	-126.0	-126.0	-9.006216709794458e-11
22367238	198979348	53.7	-126.0	-126.0	-9.540979270207693e-11
89190253	226106918	52.4	-116.0	-116.0	-9.559312295467503e-11
39244568	226106922	52.4	-126.0	-126.0	-9.714336476300338e-11
1704409	200317609	50.9	-126.0	-126.0	-9.815671283590344e-11
156544521	226106921	61.49999999999999	-126.0	-126.0	-9.919610507466915e-11
36781061	212370368	53.4	-126.0	-126.0	-9.963824539090668e-11
39523112	226106922	52.0	-126.0	-126.0	-1.0111036553766467e-10
10985876	154335952	56.5	-126.0	-126.0	-1.0122054975393425e-10
1704405	200317613	50.5	-126.0	-126.0	-1.0140155467823268e-10
39523113	226106920	50.699999999999996	-126.0	-121.0	-1.0156996137449248e-10
13512798	179692817	54.199999999999996	-126.0	-126.0	-1.0197086121888706e-10
13733638	179692817	54.199999999999996	-126.0	-126.0	-1.0224242504987135e-10
21869250	200317609	52.8	-126.0	-126.0	-1.025005053212341e-10
10985876	194557191	52.0	-126.0	-126.0	-1.0445613968541198e-10
21869250	200317613	52.5	-126.0	-126.0	-1.055152213356289e-10
10985876	198979347	51.3	-126.0	-126.0	-1.059378686346803e-10
84003327	226106920	54.99999999999999	-126.0	-121.0	-1.0696577836274566e-10
29357453	212370372	51.8	-126.0	-126.0	-1.0700534074905613e-10
27404120	203594442	52.6	-126.0	-126.0	-1.0720627470812163e-10
10985876	154335951	56.0	-126.0	-126.0	-1.090067474097011e-10
10985876	154335950	56.0	-126.0	-126.0	-1.0900674893054999e-10
10985876	154335949	56.0	-126.0	-126.0	-1.0900675045139891e-10
39523113	226106922	50.699999999999996	-126.0	-126.0	-1.1305977358582812e-10
89457664	226106922	56.39999999999999	-126.0	-126.0	-1.1310469409017433e-10
22367238	198979345	51.9	-126.0	-126.0	-1.1387620806149446e-10
84003327	226106918	53.3	-126.0	-116.0	-1.140968334652521e-10
21869250	200317610	51.6	-126.0	-126.0	-1.145593870162513e-10
10985876	185777214	52.0	-126.0	-126.0	-1.1521362566177428e-10
22367238	198979347	51.6	-126.0	-126.0	-1.1695394076567298e-10
22367238	198979346	51.599999999999994	-126.0	-126.0	-1.1695394209009045e-10
21869250	200317611	50.9	-126.0	-126.0	-1.2159373397902005e-10
36780865	203594437	51.099999999999994	-121.0	-126.0	-1.2247229703733089e-10
22367238	198979344	51.0	-126.0	-126.0	-1.2310941551465816e-10
36780801	200317610	52.6	-126.0	-126.0	-1.2443809133293115e-10
89457664	226106921	55.699999999999996	-126.0	-126.0	-1.2510064832465466e-10
89190253	226106919	51.9	-116.0	-121.0	-1.2546597204527344e-10
22367238	198979349	50.6	-126.0	-126.0	-1.272130554955083e-10
36780859	203594437	51.9	-126.0	-126.0	-1.2764717364512665e-10
24901648	187596325	52.3	-126.0	-126.0	-1.2935646405756462e-10
23841055	198979344	50.3	-126.0	-126.0	-1.3249286338256114e-10
89190252	226106921	52.4	-116.0	-126.0	-1.3826861619472034e-10
10985876	154335953	53.9	-126.0	-126.0	-1.417087676784045e-10
84003327	226106919	52.8	-126.0	-121.0	-1.418287007141447e-10
84026493	226106918	50.2	-121.0	-116.0	-1.4346015150424545e-10
9583872	153813080	53.6	-126.0	-126.0	-1.446014337144369e-10
22367238	154335955	53.7	-126.0	-126.0	-1.7088040089087575e-10
89457664	226106920	51.69999999999999	-126.0	-121.0	-1.7222760740604115e-10
74580149	187596322	51.0	-106.0	-126.0	-1.7537527358438012e-10
10985876	154335954	51.3	-126.0	-126.0	-1.821969844731014e-10
113594819	244982492	52.5	-126.0	-126.0	-1.9463966914359907e-10
22367238	154335949	52.4	-126.0	-126.0	-1.947669262525964e-10
22367238	154335952	51.9	-126.0	-126.0	-2.0395403614260457e-10
22367238	154335950	51.9	-126.0	-126.0	-2.0395404232450455e-10
23841055	154335950	52.0	-126.0	-126.0	-2.0670784062970437e-10
23841055	154335949	51.9	-126.0	-126.0	-2.0858700601411283e-10
22367238	154335954	51.6	-126.0	-126.0	-2.094663010407238e-10
22367238	154335953	51.599999999999994	-126.0	-126.0	-2.0946630421521297e-10
22367238	154335951	51.0	-126.0	-126.0	-2.2049085322546436e-10
22367238	154335956	50.6	-126.0	-126.0	-2.2784053106821489e-10
27404120	47805963	62.7	-126.0	-126.0	-2.306433543091438e-10
23841055	154335951	50.3	-126.0	-126.0	-2.386535941602564e-10
156733374	226106921	59.4	-126.0	-126.0	-2.393686017792734e-10
154638218	226106920	56.5	-121.0	-121.0	-2.505997371428229e-10
156544521	226106920	57.599999999999994	-126.0	-121.0	-2.7444256526381637e-10
156544521	226106918	55.9	-126.0	-116.0	-3.0420141513416036e-10
150027020	226106920	55.9	-126.0	-121.0	-3.2342103424692956e-10
10985876	90144853	56.5	-126.0	-126.0	-3.3194427547869083e-10
156733374	226106922	58.0	-126.0	-126.0	-3.324563817755452e-10
2131480	110589634	50.6	-126.0	-126.0	-3.3732524820092683e-10
2131480	110589635	50.4	-126.0	-126.0	-3.4276597168990304e-10
10985876	90144852	56.0	-126.0	-126.0	-3.57478459547448e-10
6815349	82232517	51.29999999999999	-106.0	-126.0	-3.7695251409147916e-10
154638218	226106918	53.0	-121.0	-116.0	-3.915621112008875e-10
150027020	226106922	55.9	-126.0	-126.0	-3.925280722089708e-10
150027020	226106921	55.9	-126.0	-126.0	-3.9252808252783564e-10
145181095	226106920	53.7	-126.0	-121.0	-3.9334509080985773e-10
156733374	226106920	55.5	-126.0	-121.0	-4.155705011808235e-10
154638218	226106919	53.8	-121.0	-121.0	-4.197545714607898e-10
156544521	226106919	55.4	-126.0	-121.0	-4.1993020229646455e-10
145181095	226106919	52.8	-126.0	-121.0	-4.373215713978295e-10
150027020	226106918	52.4	-126.0	-116.0	-4.478137632709723e-10
10985876	90144854	53.9	-126.0	-126.0	-4.6472197392865235e-10
145181095	226106921	53.3	-126.0	-126.0	-4.739686070261446e-10
113594819	203594438	50.5	-126.0	-126.0	-4.938335364104674e-10
150027020	226106919	52.0	-126.0	-121.0	-5.39035071248489e-10
145181095	226106922	51.9	-126.0	-126.0	-5.423764338111663e-10
149603546	226106921	52.9	-126.0	-126.0	-5.522203835369938e-10
149603546	226106922	52.3	-126.0	-126.0	-5.850255395420706e-10
156733374	226106918	51.6	-126.0	-116.0	-5.917724278025177e-10
10985876	90144855	51.3	-126.0	-126.0	-5.974996656691775e-10
206640003	242417924	60.6	-126.0	-126.0	-5.999787570050214e-10
10409228	62611356	57.6	-126.0	-126.0	-6.341188327203315e-10
22367238	90144856	53.7	-126.0	-126.0	-6.478327308885122e-10
154638218	226106922	50.7	-121.0	-126.0	-6.922817351109305e-10
154638218	226106921	50.6	-121.0	-126.0	-6.985467477372377e-10
156733374	226106919	51.1	-126.0	-121.0	-7.081321544272304e-10
155929292	212370371	55.4	-126.0	-126.0	-7.634419728063739e-10
22367238	90144853	51.9	-126.0	-126.0	-7.732197795098086e-10
10409228	62611362	56.4	-126.0	-126.0	-7.750339507182515e-10
10409228	62611361	56.4	-126.0	-126.0	-7.750339804119395e-10
22367238	90144855	51.6	-126.0	-126.0	-7.941175645222458e-10
22367238	90144854	51.599999999999994	-126.0	-126.0	-7.941175879553489e-10
10985876	62155869	56.5	-126.0	-126.0	-7.943941087448964e-10
10985876	61973877	56.5	-126.0	-126.0	-8.0007512986862e-10
10409228	62611358	55.9	-126.0	-126.0	-8.337487717273333e-10
10409228	62611355	55.9	-126.0	-126.0	-8.337488675569905e-10
22367238	90144852	51.0	-126.0	-126.0	-8.359132998121649e-10
206640003	242417927	59.6	-126.0	-126.0	-8.499697632153685e-10
10985876	62155868	56.0	-126.0	-126.0	-8.555013813168692e-10
10985876	61973876	56.0	-126.0	-126.0	-8.616194044248248e-10
10985876	61973875	56.0	-126.0	-126.0	-8.616194382219069e-10
10985876	61973874	56.0	-126.0	-126.0	-8.61619472018991e-10
22367238	90144857	50.6	-126.0	-126.0	-8.637769490293811e-10
10409228	62611357	55.4	-126.0	-126.0	-8.924635081543922e-10
23841055	90144852	50.3	-126.0	-126.0	-9.244416836180506e-10
47756340	110589636	50.9	-126.0	-126.0	-9.807502552204339e-10
47756340	110589634	50.8	-126.0	-126.0	-9.888556921817826e-10
155929292	212370372	52.8	-126.0	-126.0	-1.0246194535113734e-09
10985876	62155870	53.9	-126.0	-126.0	-1.1121517087737826e-09
155929292	212370368	51.9	-126.0	-126.0	-1.1150272103959397e-09
10985876	61973878	53.9	-126.0	-126.0	-1.1201051378798668e-09
1704478	47805959	54.099999999999994	-121.0	-126.0	-1.1518221533037144e-09
1704478	47805960	53.099999999999994	-121.0	-126.0	-1.3023870841625529e-09
1704478	51963627	50.8	-121.0	-126.0	-1.3871942899158798e-09
10985876	62155871	51.3	-126.0	-126.0	-1.4299092839632022e-09
27404120	72911692	53.699999999999996	-126.0	-126.0	-1.4370418449215037e-09
10985876	61973879	51.3	-126.0	-126.0	-1.440135120784716e-09
36781061	47510604	62.4	-126.0	-126.0	-1.6678422456840013e-09
36781061	47510603	62.4	-126.0	-126.0	-1.6678425565776835e-09
22367238	70795985	50.6	-126.0	-126.0	-1.6918769950615597e-09
27404120	72911691	51.8	-126.0	-126.0	-1.7306311151046242e-09
51804518	95470301	52.199999999999996	-126.0	-126.0	-1.8125717533903747e-09
22367238	62155872	53.7	-126.0	-126.0	-1.8798328472345026e-09
22367238	61973880	53.7	-126.0	-126.0	-1.897148239988188e-09
23841055	62611361	53.7	-126.0	-126.0	-1.9798803714522134e-09
188829203	226106921	52.8	-121.0	-126.0	-2.061004957633907e-09
9127042	47805960	53.3	-126.0	-126.0	-2.074806359679824e-09
22367238	61973874	52.4	-126.0	-126.0	-2.162341659866142e-09
44406140	67464028	55.6	-111.0	-126.0	-2.1969052468900054e-09
27404120	47805964	60.099999999999994	-126.0	-126.0	-2.229552206422464e-09
22367238	62155869	51.9	-126.0	-126.0	-2.2436718011685685e-09
22367238	61973877	51.9	-126.0	-126.0	-2.264338564947172e-09
22367238	61973875	51.9	-126.0	-126.0	-2.2643387936310725e-09
22367238	62155871	51.6	-126.0	-126.0	-2.3043113479221052e-09
22367238	62155870	51.599999999999994	-126.0	-126.0	-2.3043114637503146e-09
22367238	61973879	51.6	-126.0	-126.0	-2.3255366696758284e-09
22367238	61973878	51.599999999999994	-126.0	-126.0	-2.32553678710808e-09
23841055	62611362	51.9	-126.0	-126.0	-2.363082902089033e-09
23841055	62611358	51.9	-126.0	-126.0	-2.3630833896983687e-09
23841055	62611356	51.9	-126.0	-126.0	-2.3630836335030933e-09
23534657	62611362	51.699999999999996	-126.0	-126.0	-2.3680834071233934e-09
188829203	226106920	50.199999999999996	-121.0	-121.0	-2.371882927660911e-09
188829203	226106922	51.4	-121.0	-126.0	-2.383396666709084e-09
23841055	61973875	52.0	-126.0	-126.0	-2.4207468322989108e-09
22367238	62155868	51.0	-126.0	-126.0	-2.4255912583228995e-09
23841055	61973874	51.9	-126.0	-126.0	-2.442753749802297e-09
22367238	61973876	51.0	-126.0	-126.0	-2.447933707339587e-09
23841055	62611357	51.4	-126.0	-126.0	-2.4695287148259844e-09
22367238	62155873	50.6	-126.0	-126.0	-2.5064436703241137e-09
22367238	61973881	50.6	-126.0	-126.0	-2.529530858917612e-09
9127042	47805959	50.09999999999999	-126.0	-126.0	-2.7592787034881565e-09
23841055	62155868	50.3	-126.0	-126.0	-2.7683743245059583e-09
23841055	61973876	50.3	-126.0	-126.0	-2.7948621052495945e-09
215742462	226106921	62.0	-126.0	-126.0	-2.9790203055665334e-09
36780859	72911692	50.8	-126.0	-126.0	-2.9906023362269294e-09
206640003	240958428	51.5	-126.0	-126.0	-3.124627021024035e-09
206640003	240958426	51.099999999999994	-126.0	-126.0	-3.2333100768783236e-09
44406140	67464029	52.5	-111.0	-126.0	-4.062769624724912e-09
200021771	226106921	53.3	-126.0	-126.0	-4.56185729401241e-09
200021771	226106922	51.9	-126.0	-126.0	-5.220269286711215e-09
13512798	39685508	51.4	-126.0	-126.0	-5.41897588918999e-09
200021771	226106920	50.2	-126.0	-121.0	-5.431902658317413e-09
14206352	21869582	62.0	-126.0	-126.0	-5.449402999613451e-09
13733638	39685508	51.4	-126.0	-126.0	-5.511595632448641e-09
1704478	22094679	52.8	-121.0	-126.0	-6.8887197895150785e-09
215742462	226106922	60.6	-126.0	-126.0	-7.149647353685991e-09
7860324	31775927	50.199999999999996	-126.0	-126.0	-7.161508978621791e-09
23841055	28499519	62.5	-126.0	-126.0	-7.373467767544315e-09
1704478	22094678	52.0	-121.0	-126.0	-7.504472015173997e-09
36781061	47510601	60.199999999999996	-126.0	-126.0	-7.783268165704771e-09
1704478	22094677	50.699999999999996	-121.0	-126.0	-8.505069118103092e-09
36781061	47510605	59.8	-126.0	-126.0	-8.895156985548816e-09
36781061	47510600	59.8	-126.0	-126.0	-8.895165276049334e-09
36780864	47805960	50.8	-91.0	-126.0	-9.082806676071952e-09
215742462	226106920	58.1	-126.0	-121.0	-1.0873426213572177e-08
45958127	62611356	53.0	-126.0	-126.0	-1.1538875873635385e-08
45958127	62611358	50.9	-126.0	-126.0	-1.3962036453465728e-08
45958127	62611355	50.9	-126.0	-126.0	-1.396204148391582e-08
45958127	62611361	50.4	-126.0	-126.0	-1.4538974870250516e-08
45958127	62611357	50.4	-126.0	-126.0	-1.4538981854673948e-08
36781061	47510606	57.6	-126.0	-126.0	-1.501057461507203e-08
36780859	51963627	50.099999999999994	-126.0	-126.0	-1.7908087953002796e-08
215742462	226106918	54.2	-126.0	-116.0	-1.87678387900057e-08
215742462	226106919	53.7	-126.0	-121.0	-2.3981122715125563e-08
26693154	36780949	52.9	-126.0	-126.0	-3.176113958745732e-08
26693154	36780950	52.4	-126.0	-126.0	-3.3333466621596916e-08
26693154	36780951	52.0	-126.0	-126.0	-3.459132642837221e-08
23841055	28499522	58.7	-126.0	-126.0	-6.34117411244092e-08
15371183	21869582	50.99999999999999	-126.0	-126.0	-9.09379605175295e-08
27404120	28993861	51.8	-126.0	-126.0	-1.4184842737346519e-06
121354037	121373179	62.9	-126.0	-126.0	-8.917639258774424e-05
121354553	121373179	61.9	-126.0	-126.0	-0.0010366433516545532
203548559	203594439	51.99999999999999	-126.0	-126.0	-0.0016868720714559018
121353530	121373178	59.3	-126.0	-126.0	-0.0031300832128392316
121353530	121373177	57.599999999999994	-126.0	-126.0	-0.004568699329558448
121354037	121373178	57.199999999999996	-126.0	-126.0	-0.005172776864875877
121354037	121373177	55.49999999999999	-126.0	-126.0	-0.006689641870022495
121352173	121373179	53.3	-126.0	-126.0	-0.007169756334260288
121355560	121373179	55.4	-126.0	-126.0	-0.00801419458855285
121352173	121373178	50.099999999999994	-126.0	-126.0	-0.009535953321878104
121355560	121373178	52.699999999999996	-126.0	-126.0	-0.010862589677499866
121352254	121357851	61.9	-126.0	-126.0	-0.0120681815228667
121355560	121373177	50.99999999999999	-126.0	-126.0	-0.012656897363528406
121354478	121363077	59.8	-126.0	-126.0	-0.014507701343836773
121355560	121370299	51.8	-126.0	-126.0	-0.016951836460222712
121353873	121356577	61.5	-126.0	-126.0	-0.07606953770006289
121352173	121356575	57.5	-126.0	-126.0	-0.09945298597419058
121352173	121356574	57.5	-126.0	-126.0	-0.09950023181857988
121352173	121356573	57.5	-126.0	-126.0	-0.09954751131221719
121353873	121356576	61.0	-126.0	-126.0	-0.10150659578757144
121351913	121357851	51.2	-126.0	-126.0	-0.11454696735083802
121484317	121485339	62.7	-126.0	-126.0	-0.1341374126010908
121352173	121356576	54.9	-126.0	-126.0	-0.14639759406398425
121352173	121356572	54.9	-126.0	-126.0	-0.1466760142445498
121353200	121356577	58.3	-126.0	-126.0	-0.14842111610113526
121352173	121356571	53.699999999999996	-126.0	-126.0	-0.16848585341594888
121352173	121356577	53.2	-126.0	-126.0	-0.17703895127906122
121353200	121356576	56.599999999999994	-126.0	-126.0	-0.20223213721450525
121353873	121356574	58.9	-126.0	-126.0	-0.2084193473519703
121484294	121485307	62.49999999999999	-126.0	-126.0	-0.22825545780198872
121354553	121356572	60.6	-126.0	-126.0	-0.22933855237802858
121353873	121356575	58.4	-126.0	-126.0	-0.23365064530117766
121354291	121357851	53.3	-126.0	-126.0	-0.2739726027397261
121353200	121356575	53.99999999999999	-126.0	-126.0	-0.28456740566911654
121353950	121357851	50.3	-126.0	-126.0	-0.29583470701626907
121484198	121485213	62.3	-126.0	-126.0	-0.3180801590400808
121484391	121485398	62.3	-126.0	-126.0	-0.3240511017014142
121353200	121356574	52.59999999999999	-126.0	-126.0	-0.3290398640495874
121353200	121356573	52.59999999999999	-126.0	-126.0	-0.32924647571228527
121353178	121356571	52.3	-126.0	-126.0	-0.3345302102567315
121353873	121356573	56.3	-126.0	-126.0	-0.34085850556438807
121353530	121356573	53.5	-126.0	-126.0	-0.37426214034362437
121353530	121356571	53.5	-126.0	-126.0	-0.3747866705641193
121353530	121356572	53.0	-126.0	-126.0	-0.3942360715163945
121353200	121356572	50.399999999999984	-126.0	-126.0	-0.3991453221593767
121484058	121485405	61.29999999999999	-126.0	-126.0	-0.40129565383528965
121484056	121485401	61.3	-126.0	-126.0	-0.402657241723877
121353530	121356575	51.8	-126.0	-126.0	-0.44061826709408947
121484199	121485213	62.0	-126.0	-126.0	-0.45545377428849576
121484090	121485103	61.99999999999999	-126.0	-126.0	-0.45651091560397417
121484391	121485396	61.99999999999999	-126.0	-126.0	-0.4650993786563021
121484391	121485395	61.99999999999999	-126.0	-126.0	-0.46618959931004283
121353873	121356572	53.699999999999996	-126.0	-126.0	-0.4735082778825336
121353530	121356574	50.9	-126.0	-126.0	-0.4763582607805583
121354553	121356573	58.0	-126.0	-126.0	-0.47727001551127557
121484098	121485106	61.9	-126.0	-126.0	-0.5080362091261784
121354037	121356575	54.0	-126.0	-126.0	-0.5230425676740806
121354037	121356572	54.0	-126.0	-126.0	-0.5243776429407024
121354037	121356574	53.5	-126.0	-126.0	-0.5525696396791533
121354037	121356573	53.5	-126.0	-126.0	-0.5530393880473635
121484083	121484764	62.5	-126.0	-126.0	-0.5896204686745702
121484061	121484741	62.5	-126.0	-126.0	-0.591715976331361
121484389	121485394	61.699999999999996	-126.0	-126.0	-0.6046291922531903
121353873	121356571	51.099999999999994	-126.0	-126.0	-0.6063690405292739
121484739	121485404	62.49999999999999	-126.0	-126.0	-0.6244511659674202
121484391	121485404	61.599999999999994	-126.0	-126.0	-0.6391152818455619
121354037	121356576	51.4	-126.0	-126.0	-0.6735716226017393
121354037	121356571	51.4	-126.0	-126.0	-0.6764395661748146
121355560	121356574	61.5	-126.0	-126.0	-0.6831806614327437
121355560	121356572	61.5	-126.0	-126.0	-0.6863575007435542
121484504	121485180	62.4	-126.0	-126.0	-0.7202448832603102
121354553	121356574	55.4	-126.0	-126.0	-0.7246633756858156
121484592	121485265	62.4	-126.0	-126.0	-0.7280200508855698
121484198	121485209	61.099999999999994	-126.0	-126.0	-0.871408485626779
121355560	121356573	61.0	-126.0	-126.0	-0.9130218312079419
121354553	121356575	52.8	-126.0	-126.0	-0.9715199405658392
121484389	121485405	60.8	-126.0	-126.0	-0.9973705685012253
121484058	121485404	58.69999999999999	-126.0	-126.0	-1.0167617910377202
121484201	121485213	60.7	-126.0	-126.0	-1.0524148344734483
121485003	121485338	62.8	-126.0	-126.0	-1.0991841992271518
121484391	121485397	60.599999999999994	-126.0	-126.0	-1.113630958940661
121354553	121356576	51.1	-126.0	-126.0	-1.1322115677651516
121484061	121484740	62.0	-126.0	-126.0	-1.187644048233194
121484600	121485273	62.0	-126.0	-126.0	-1.2133667514759467
121484199	121485202	60.39999999999999	-126.0	-126.0	-1.2149373036861415
121484537	121485207	61.99999999999999	-126.0	-126.0	-1.2265235722499128
121484604	121484610	62.7	-126.0	-126.0	-1.236539749600689
121484734	121484740	62.7	-126.0	-126.0	-1.236539749600689
121485174	121485180	62.7	-126.0	-126.0	-1.236539749600689
121485179	121485185	62.7	-126.0	-126.0	-1.236539749600689
121484119	121485143	60.1	-126.0	-126.0	-1.290724586077977
121484317	121485340	60.099999999999994	-126.0	-126.0	-1.293688112428191
121484101	121485122	60.099999999999994	-126.0	-126.0	-1.2996452584655527
121484056	121485399	57.39999999999999	-126.0	-126.0	-1.3309081888731045
121484058	121485403	56.99999999999999	-126.0	-126.0	-1.421143206084271
121484056	121485400	56.89999999999999	-126.0	-126.0	-1.4472810097750806
121484083	121485270	58.4	-126.0	-126.0	-1.4514346228291346
121352254	121353964	52.3	-126.0	-126.0	-1.4757984569630624
121484866	121485201	62.699999999999996	-126.0	-126.0	-1.6487762988407277
121484198	121485208	59.39999999999999	-126.0	-126.0	-1.6549346358281896
121484592	121485270	61.6	-126.0	-126.0	-1.6686282981481189
121484090	121484765	61.49999999999999	-126.0	-126.0	-1.8070588235294203
121484391	121485405	59.0	-126.0	-126.0	-1.821815097153983
121355560	121356575	58.9	-126.0	-126.0	-1.8630409315204663
121353200	121354713	52.699999999999996	-126.0	-126.0	-1.8685135623131706
121484201	121485202	58.99999999999999	-126.0	-126.0	-1.8779315171192563
121355560	121356571	58.9	-126.0	-126.0	-1.8804077847735707
121484083	121485106	58.7	-126.0	-126.0	-1.918227201186623
121484058	121484740	61.3	-126.0	-126.0	-1.9976204814852927
121484060	121484740	61.3	-126.0	-126.0	-2.011834319526631
121484058	121485402	54.39999999999999	-126.0	-126.0	-2.0404289646009324
121484060	121485405	53.79999999999999	-126.0	-126.0	-2.1790862493292154
121484601	121485273	61.099999999999994	-126.0	-126.0	-2.3136872868972307
121484102	121484770	61.099999999999994	-126.0	-126.0	-2.34727283958244
121484083	121485271	55.4	-126.0	-126.0	-2.3933615708009888
121484058	121485401	52.69999999999999	-126.0	-126.0	-2.447920418820173
121484317	121485341	57.5	-126.0	-126.0	-2.447925939113406
121484098	121484768	61.0	-126.0	-126.0	-2.453047144499808
121484101	121485123	57.5	-126.0	-126.0	-2.4591858976866883
121484102	121485122	57.5	-126.0	-126.0	-2.470522178551376
121484391	121485394	57.699999999999996	-126.0	-126.0	-2.476602965206359
121352173	121353191	57.5	-126.0	-126.0	-2.481935458396557
121352173	121353190	57.5	-126.0	-126.0	-2.487671186407139
121352173	121353189	57.5	-126.0	-126.0	-2.4934264212530604
121484083	121485105	57.3	-126.0	-126.0	-2.5486108394207507
121484198	121485207	57.4	-126.0	-126.0	-2.580344170682856
121485044	121485383	62.49999999999999	-126.0	-126.0	-2.6971898653091193
121484098	121485103	57.099999999999994	-126.0	-126.0	-2.7440863340721653
121484739	121485403	60.8	-126.0	-126.0	-2.75758335422412
121484090	121484764	60.699999999999996	-126.0	-126.0	-2.78075836116611
121484056	121485398	51.29999999999999	-126.0	-126.0	-2.785374403718596
121484060	121485404	51.19999999999999	-126.0	-126.0	-2.799658346778023
121484602	121485273	60.699999999999996	-126.0	-126.0	-2.8108661363193743
121484537	121485208	60.599999999999994	-126.0	-126.0	-2.9330777074636964
121484056	121485396	50.499999999999986	-126.0	-126.0	-2.9859659599880595
121355560	121356576	56.3	-126.0	-126.0	-3.0374467313446383
121484083	121485107	56.1	-126.0	-126.0	-3.071034359978636
121484061	121485250	52.7	-126.0	-126.0	-3.237336230173033
121484389	121485391	55.99999999999999	-126.0	-126.0	-3.278669328633911
121484098	121485273	52.8	-126.0	-126.0	-3.2948895899053636
121485175	121485181	62.2	-126.0	-126.0	-3.2974393322685236
121484102	121485107	55.79999999999999	-126.0	-126.0	-3.3487155263253556
121484098	121484767	60.199999999999996	-126.0	-126.0	-3.446670846780868
121484061	121485251	52.0	-126.0	-126.0	-3.450642093912361
121484317	121485342	54.9	-126.0	-126.0	-3.5968777103209026
121484102	121485123	54.9	-126.0	-126.0	-3.6300436529555027
121484083	121484765	59.9	-126.0	-126.0	-3.642719701532
121352173	121353192	54.9	-126.0	-126.0	-3.6467954769606106
121352173	121353188	54.9	-126.0	-126.0	-3.680641840320921
121484090	121484763	59.89999999999999	-126.0	-126.0	-3.761436929575445
121484574	121485251	59.8	-126.0	-126.0	-3.827622425979991
121484058	121485251	50.7	-126.0	-126.0	-3.836074105622635
121484060	121485251	50.7	-126.0	-126.0	-3.850966802044064
121485004	121485338	62.3	-126.0	-126.0	-3.86500103526815
121484199	121485204	54.599999999999994	-126.0	-126.0	-3.9068347807129125
121484098	121485105	54.5	-126.0	-126.0	-3.934906234945728
121484102	121485273	50.89999999999999	-126.0	-126.0	-3.939599589353722
121484098	121484764	59.8	-126.0	-126.0	-3.982018696822166
121484098	121485271	50.699999999999996	-126.0	-126.0	-3.9889371853872753
121484058	121485250	50.1	-126.0	-126.0	-4.0309980626210855
121352173	121353193	53.7	-126.0	-126.0	-4.177428411005052
121355560	121356577	53.7	-126.0	-126.0	-4.206425824288433
121352173	121353187	53.699999999999996	-126.0	-126.0	-4.235720100883013
121484730	121485405	59.4	-126.0	-126.0	-4.33694117647059
121484600	121485271	59.4	-126.0	-126.0	-4.399616561195536
121484101	121485107	53.4	-126.0	-126.0	-4.454523835762634
121484102	121485106	53.29999999999999	-126.0	-126.0	-4.522039113307388
121484201	121485204	53.199999999999996	-126.0	-126.0	-4.579379067740058
121485102	121485270	62.4	-126.0	-126.0	-4.68018720748831
121484198	121485205	52.79999999999999	-126.0	-126.0	-4.721887481934878
121484592	121485271	59.0	-126.0	-126.0	-4.750576192932776
121484199	121485203	52.79999999999999	-126.0	-126.0	-4.755133912962408
121484101	121485125	52.3	-126.0	-126.0	-4.7623286451842635
121484061	121484742	58.9	-126.0	-126.0	-4.834887843131477
121484198	121485206	52.49999999999999	-126.0	-126.0	-4.849436541658973
121484603	121485273	58.99999999999999	-126.0	-126.0	-4.906094288999625
121484119	121484797	58.8	-126.0	-126.0	-5.005884894444365
121484058	121484741	58.7	-126.0	-126.0	-5.034962987899253
121484060	121484741	58.7	-126.0	-126.0	-5.070736030601299
121485173	121485179	61.7	-126.0	-126.0	-5.358338914936358
121484119	121485145	50.9	-126.0	-126.0	-5.360831593462888
121484201	121485203	51.39999999999999	-126.0	-126.0	-5.433223458879051
121484101	121485135	50.29999999999999	-126.0	-126.0	-5.525072190288712
121484102	121485135	50.3	-126.0	-126.0	-5.537622174470527
121484514	121485181	58.5	-126.0	-126.0	-5.579470647722298
121484102	121484769	58.49999999999999	-126.0	-126.0	-5.579470647722307
121484883	121485212	62.0	-126.0	-126.0	-5.6496177680478805
121484504	121485183	58.2	-126.0	-126.0	-5.700691431519328
121484504	121485352	54.8	-126.0	-126.0	-5.705538547175063
121484101	121485106	50.69999999999999	-126.0	-126.0	-5.72072235747248
121484199	121485201	50.29999999999999	-126.0	-126.0	-5.948442924807237
121484537	121485213	58.0	-126.0	-126.0	-6.002040693835904
121484856	121485192	61.9	-126.0	-126.0	-6.017505470459525
121484739	121485402	58.199999999999996	-126.0	-126.0	-6.038471669110629
121484098	121484769	58.0	-126.0	-126.0	-6.11057855721602
121484101	121484770	57.99999999999999	-126.0	-126.0	-6.15476936925155
121484098	121484765	57.99999999999999	-126.0	-126.0	-6.199411830802562
121484098	121484763	57.99999999999999	-126.0	-126.0	-6.244511659674123
121484574	121484913	61.8	-126.0	-126.0	-6.47325567674181
121485003	121485342	61.8	-126.0	-126.0	-6.47325567674181
121484856	121485193	61.8	-126.0	-126.0	-6.534057070904744
121484083	121484766	57.3	-126.0	-126.0	-6.67425326302925
121484061	121484743	57.3	-126.0	-126.0	-6.6979039673330325
121484504	121485179	57.199999999999996	-126.0	-126.0	-6.987294117647064
121484098	121484766	57.099999999999994	-126.0	-126.0	-7.2888998702822985
121353873	121354712	52.7	-126.0	-126.0	-7.351875107344959
121484504	121485184	56.699999999999996	-126.0	-126.0	-7.455621301775153
121484730	121485404	56.8	-126.0	-126.0	-7.495957321404286
121484090	121484762	56.79999999999999	-126.0	-126.0	-7.5499269361909525
121484735	121485405	56.8	-126.0	-126.0	-7.6044461479494085
121484537	121485206	56.8	-126.0	-126.0	-7.631914017871915
121484090	121484425	61.599999999999994	-126.0	-126.0	-7.694289394589984
121484199	121484534	61.599999999999994	-126.0	-126.0	-7.694289394589984
121484574	121485250	56.3	-126.0	-126.0	-8.042734529740116
121484058	121484742	56.1	-126.0	-126.0	-8.050872177819262
121484294	121484964	56.39999999999999	-126.0	-126.0	-8.095055576849377
121484060	121484742	56.1	-126.0	-126.0	-8.10798901308735
121484424	121485103	56.1	-126.0	-126.0	-8.194743932809036
121484739	121485401	56.49999999999999	-126.0	-126.0	-8.206941178327371
121353873	121354713	51.4	-126.0	-126.0	-8.256227758007118
121484098	121484770	56.2	-126.0	-126.0	-8.280565026790061
121484733	121485405	56.199999999999996	-126.0	-126.0	-8.28056502679007
121484733	121485404	56.199999999999996	-126.0	-126.0	-8.310386837813793
121484504	121485186	55.9	-126.0	-126.0	-8.34300318737974
121484504	121485185	55.9	-126.0	-126.0	-8.372610655178898
121484514	121485352	51.3	-126.0	-126.0	-8.375014539955801
121484731	121485405	55.9	-126.0	-126.0	-8.584080158382326
121484424	121485270	50.7	-126.0	-126.0	-8.606740197150327
121484592	121485264	55.89999999999999	-126.0	-126.0	-8.645884072089636
121484294	121485143	50.5	-126.0	-126.0	-8.67300808107528
121484600	121485270	55.9	-126.0	-126.0	-8.70831736297432
121484601	121485271	55.89999999999999	-126.0	-126.0	-8.708317362974329
121484537	121485205	55.89999999999999	-126.0	-126.0	-8.771387979492259
121484102	121484768	55.89999999999999	-126.0	-126.0	-8.835103983574182
121484602	121485271	55.49999999999999	-126.0	-126.0	-9.23215405387732
121484731	121485404	55.3	-126.0	-126.0	-9.342923986364793
121484098	121484762	55.39999999999999	-126.0	-126.0	-9.52619704186514
121484504	121485177	55.099999999999994	-126.0	-126.0	-9.585597336659985
121484083	121484767	54.7	-126.0	-126.0	-9.684382474768096
121484514	121485182	54.9	-126.0	-126.0	-10.006794737167215
121484101	121484769	54.89999999999999	-126.0	-126.0	-10.006794737167224
121484504	121485176	54.49999999999999	-126.0	-126.0	-10.350706283487588
121484504	121485178	54.199999999999996	-126.0	-126.0	-10.639423294896407
121484730	121485403	54.199999999999996	-126.0	-126.0	-10.677627412988336
121485009	121485339	61.099999999999994	-126.0	-126.0	-10.685413005272439
121484504	121485187	53.8	-126.0	-126.0	-10.772478950854227
121484592	121485262	54.199999999999996	-126.0	-126.0	-10.79340743579916
121484735	121485404	54.199999999999996	-126.0	-126.0	-10.832394089882717
121484604	121485273	54.19999999999999	-126.0	-126.0	-10.832394089882726
121484513	121485187	53.99999999999999	-126.0	-126.0	-10.88122836978042
121484098	121484424	61.099999999999994	-126.0	-126.0	-10.88123702484075
121485004	121485339	61.0	-126.0	-126.0	-10.991841992271361
121484733	121485403	54.0	-126.0	-126.0	-11.038712150249136
121484058	121484743	53.5	-126.0	-126.0	-11.045508220546827
121484605	121485105	58.49999999999999	-126.0	-126.0	-11.076923076923094
121484060	121484743	53.5	-126.0	-126.0	-11.123755438382078
121484083	121484425	60.900000000000006	-126.0	-126.0	-11.169470115018918
121484592	121485273	53.5	-126.0	-126.0	-11.202788904816833
121485003	121485340	60.9	-126.0	-126.0	-11.434599874083283
121485003	121485339	60.9	-126.0	-126.0	-11.487964989059087
121484537	121485202	53.79999999999999	-126.0	-126.0	-11.489901453800382
121484504	121485173	53.39999999999999	-126.0	-126.0	-11.81715718896297
121484737	121484743	60.099999999999994	-126.0	-126.0	-11.953217579473463
121485334	121485340	60.099999999999994	-126.0	-126.0	-11.953217579473463
121484603	121485271	53.29999999999999	-126.0	-126.0	-11.98344554944717
121484734	121484741	60.1	-126.0	-126.0	-12.013100493210262
121484604	121484611	60.099999999999994	-126.0	-126.0	-12.013100493210292
121485173	121485180	60.099999999999994	-126.0	-126.0	-12.013100493210292
121485175	121485182	60.099999999999994	-126.0	-126.0	-12.013100493210292
121485179	121485186	60.099999999999994	-126.0	-126.0	-12.013100493210292
121484102	121484767	53.29999999999999	-126.0	-126.0	-12.114352619767793
121484602	121485105	58.0	-126.0	-126.0	-12.138776563057151
121484514	121485180	53.199999999999996	-126.0	-126.0	-12.194932259017877
121484083	121484768	52.1	-126.0	-126.0	-12.673267326732672
121484513	121485193	52.2	-126.0	-126.0	-12.781065088757394
121484730	121485402	52.5	-126.0	-126.0	-12.786166585484658
121484735	121485403	52.5	-126.0	-126.0	-12.971770955587129
121484601	121485270	52.39999999999999	-126.0	-126.0	-13.048111062813277
121484731	121485403	52.199999999999996	-126.0	-126.0	-13.151485630784224
121484739	121485399	52.59999999999999	-126.0	-126.0	-13.227344992050892
121484101	121484768	52.29999999999999	-126.0	-126.0	-13.266741317917477
121484513	121485192	51.8	-126.0	-126.0	-13.301613340211775
121484602	121485270	51.99999999999999	-126.0	-126.0	-13.58947433442462
121484739	121485400	52.09999999999999	-126.0	-126.0	-13.812712606080302
121484294	121484963	51.59999999999999	-126.0	-126.0	-14.03287416189353
121485174	121485181	59.6	-126.0	-126.0	-14.08432471617755
121484424	121485105	50.9	-126.0	-126.0	-14.268815341924599
121484733	121485402	51.4	-126.0	-126.0	-14.279064936663577
121484504	121485188	50.7	-126.0	-126.0	-14.351554751764771
121484504	121485172	51.29999999999999	-126.0	-126.0	-14.454259064797098
121484592	121485260	51.19999999999999	-126.0	-126.0	-14.577799740564597
121484730	121485401	50.8	-126.0	-126.0	-14.909811679607094
121484601	121485105	56.699999999999996	-126.0	-126.0	-15.224746254229107
121484731	121485402	50.5	-126.0	-126.0	-15.27644639304005
121484102	121484766	50.69999999999999	-126.0	-126.0	-15.41739784407121
121484881	121485213	60.199999999999996	-126.0	-126.0	-15.603232098077482
121484866	121485200	60.099999999999994	-126.0	-126.0	-16.012147146110873
121485186	121485347	60.699999999999996	-126.0	-126.0	-17.72596999108888
121485186	121485348	60.699999999999996	-126.0	-126.0	-17.75890358073548
121484783	121485107	59.8	-126.0	-126.0	-18.491765385726683
121485003	121485341	59.3	-126.0	-126.0	-20.0528419483775
121484102	121484608	54.6	-126.0	-126.0	-20.114340447184887
121484856	121485189	59.3	-126.0	-126.0	-20.523843367019722
121484574	121484911	59.199999999999996	-126.0	-126.0	-20.691180724531662
121485004	121485340	59.2	-126.0	-126.0	-20.787746170678318
121484102	121484605	54.4	-126.0	-126.0	-20.878695688458304
121484782	121485122	59.0	-126.0	-126.0	-21.476510067114095
121484603	121485105	54.0	-126.0	-126.0	-21.950550288100974
121484604	121485105	53.99999999999999	-126.0	-126.0	-22.051898530639143
121485182	121485188	57.5	-126.0	-126.0	-22.66989540934618
121485386	121485392	57.5	-126.0	-126.0	-22.66989540934618
121485388	121485394	57.5	-126.0	-126.0	-22.66989540934618
121484601	121484608	57.5	-126.0	-126.0	-22.783466452640162
121485334	121485341	57.5	-126.0	-126.0	-22.783466452640162
121357843	121357851	57.5	-126.0	-126.0	-22.89758534554538
121484734	121484742	57.5	-126.0	-126.0	-22.89758534554538
121485173	121485181	57.5	-126.0	-126.0	-22.89758534554538
121485174	121485182	57.5	-126.0	-126.0	-22.89758534554538
121485175	121485183	57.5	-126.0	-126.0	-22.89758534554538
121485179	121485187	57.5	-126.0	-126.0	-22.89758534554538
121485192	121485200	57.5	-126.0	-126.0	-22.89758534554538
121484883	121485213	58.9	-126.0	-126.0	-23.05799648506152
121484856	121485190	58.8	-126.0	-126.0	-23.19000621160882
121484883	121485211	58.9	-126.0	-126.0	-23.269012485811587
121484600	121485105	52.9	-126.0	-126.0	-24.296184927645186
121484866	121485204	58.49999999999999	-126.0	-126.0	-24.388591558837515
121484574	121484910	58.4	-126.0	-126.0	-25.16411378555799
121484881	121485212	58.49999999999999	-126.0	-126.0	-25.192001539511246
121484101	121484608	52.4	-126.0	-126.0	-25.26648243189894
121484102	121484606	52.3	-126.0	-126.0	-25.857902368293868
121484866	121485207	58.0	-126.0	-126.0	-26.719660660309618
121484090	121484428	57.99999999999999	-126.0	-126.0	-27.098435065375014
121484615	121485122	51.4	-126.0	-126.0	-27.65011285000261
121485009	121485342	58.0	-126.0	-126.0	-27.734923468945553
121485009	121485340	57.99999999999999	-126.0	-126.0	-27.991112821679156
121484738	121485251	50.9	-126.0	-126.0	-28.06427530822142
121485102	121485271	59.4	-126.0	-126.0	-28.124313371255596
121484601	121484607	56.1	-126.0	-126.0	-28.44041424081611
121485189	121485195	56.1	-126.0	-126.0	-28.44041424081611
121484201	121484534	57.7	-126.0	-126.0	-29.39901887708227
121485009	121485346	57.6	-126.0	-126.0	-29.40325681907127
121485121	121485135	55.99999999999999	-126.0	-126.0	-30.028419754410454
121484424	121484762	57.3	-126.0	-126.0	-30.89221597452749
121484856	121485195	57.1	-126.0	-126.0	-31.826840410647147
121484866	121485205	57.1	-126.0	-126.0	-31.826840410647147
121485009	121485341	57.2	-126.0	-126.0	-32.320980774589
121485005	121485340	57.0	-126.0	-126.0	-32.97552597681408
82232511	82232517	54.9	-126.0	-126.0	-33.386573239218926
121484317	121484323	54.9	-126.0	-126.0	-33.386573239218926
121484602	121484608	54.9	-126.0	-126.0	-33.386573239218926
121485009	121485348	56.8	-126.0	-126.0	-33.44515432983262
121484603	121484610	54.9	-126.0	-126.0	-33.553832412070065
121485387	121485394	54.9	-126.0	-126.0	-33.553832412070065
121485388	121485395	54.9	-126.0	-126.0	-33.553832412070065
121485005	121485339	56.9	-126.0	-126.0	-33.680723307336606
121356563	121356571	54.9	-126.0	-126.0	-33.72189841798502
121485334	121485342	54.9	-126.0	-126.0	-33.72189841798502
121484734	121484743	54.9	-126.0	-126.0	-33.890770256665064
121485173	121485182	54.9	-126.0	-126.0	-33.890770256665064
121485174	121485183	54.9	-126.0	-126.0	-33.890770256665064
121485179	121485188	54.9	-126.0	-126.0	-33.890770256665064
121485192	121485201	54.9	-126.0	-126.0	-33.890770256665064
121485186	121485349	58.599999999999994	-126.0	-126.0	-34.03514709081684
121484789	121485123	56.8	-126.0	-126.0	-34.23286631237492
121484866	121485206	56.6	-126.0	-126.0	-34.36241610738254
121484198	121484534	56.699999999999996	-126.0	-126.0	-34.46389496717726
121485004	121485342	56.6	-126.0	-126.0	-34.68599688367996
121484317	121484645	56.79999999999999	-126.0	-126.0	-35.18728717366635
121484782	121485123	56.4	-126.0	-126.0	-35.2699520716087
121485189	121485196	54.4	-126.0	-126.0	-35.62505663503735
121485175	121485184	54.4	-126.0	-126.0	-35.982793112014754
121484789	121485122	56.3	-126.0	-126.0	-37.164797448387056
121485393	121485399	53.9	-126.0	-126.0	-37.50837240455459
121485186	121485344	58.099999999999994	-126.0	-126.0	-37.54429652332156
121484883	121485210	56.3	-126.0	-126.0	-38.19772310213973
121484605	121484611	53.5	-126.0	-126.0	-39.157092070688854
121485145	121485151	53.5	-126.0	-126.0	-39.157092070688854
121485336	121485342	53.5	-126.0	-126.0	-39.157092070688854
121485193	121485200	53.5	-126.0	-126.0	-39.35326023637847
121485384	121485391	53.5	-126.0	-126.0	-39.35326023637847
121484574	121484912	55.699999999999996	-126.0	-126.0	-39.563715195447486
121485003	121485346	55.4	-126.0	-126.0	-40.2322619067313
121485009	121485334	55.99999999999999	-126.0	-126.0	-40.269662921348356
121484856	121485188	55.699999999999996	-126.0	-126.0	-40.67985511284483
121485205	121485211	53.0	-126.0	-126.0	-41.21799165335669
121485186	121485352	57.6	-126.0	-126.0	-41.98658761784429
121484881	121485211	55.39999999999999	-126.0	-126.0	-42.74165202108968
121485190	121485196	52.5	-126.0	-126.0	-43.27889123602452
121485009	121485336	55.39999999999999	-126.0	-126.0	-43.32876053377047
121484783	121485106	55.49999999999999	-126.0	-126.0	-43.534256017703974
121484199	121484535	55.0	-126.0	-126.0	-43.76367614879649
121485172	121485178	52.3	-126.0	-126.0	-44.10325106909167
121485195	121485201	52.3	-126.0	-126.0	-44.10325106909167
121484780	121485122	54.699999999999996	-126.0	-126.0	-44.1460009307892
121485003	121485334	55.099999999999994	-126.0	-126.0	-44.22595825825304
82232511	82232518	52.3	-126.0	-126.0	-44.32419837149997
121484317	121484324	52.3	-126.0	-126.0	-44.32419837149997
121484733	121484740	52.3	-126.0	-126.0	-44.32419837149997
121485244	121485251	52.3	-126.0	-126.0	-44.32419837149997
121485392	121485399	52.3	-126.0	-126.0	-44.32419837149997
121484317	121484644	55.19999999999999	-126.0	-126.0	-44.468991074132866
121484603	121484611	52.3	-126.0	-126.0	-44.54621149042466
121485386	121485394	52.3	-126.0	-126.0	-44.54621149042466
121485387	121485395	52.3	-126.0	-126.0	-44.54621149042466
121485388	121485396	52.3	-126.0	-126.0	-44.54621149042466
121353178	121353187	52.3	-126.0	-126.0	-44.769289104483484
121356563	121356572	52.3	-126.0	-126.0	-44.769289104483484
121484601	121484610	52.3	-126.0	-126.0	-44.769289104483484
121485242	121485251	52.3	-126.0	-126.0	-44.769289104483484
121484424	121484763	54.7	-126.0	-126.0	-44.77335176413073
121352254	121352264	52.3	-126.0	-126.0	-44.99342969776611
121485173	121485183	52.3	-126.0	-126.0	-44.99342969776611
121485174	121485184	52.3	-126.0	-126.0	-44.99342969776611
121485175	121485185	52.3	-126.0	-126.0	-44.99342969776611
121484317	121484643	55.09999999999999	-126.0	-126.0	-45.24303815591674
121485373	121485381	52.1	-126.0	-126.0	-45.378850957535384
121485182	121485189	52.0	-126.0	-126.0	-45.566932905280325
121485005	121485334	54.9	-126.0	-126.0	-45.76190392118784
121485009	121485347	54.5	-126.0	-126.0	-46.067339611137456
121485004	121485341	54.5	-126.0	-126.0	-46.28290425224183
121484605	121484770	57.0	-126.0	-126.0	-46.57368101879928
121485004	121485334	54.599999999999994	-126.0	-126.0	-47.240773286467515
121485003	121485344	54.1	-126.0	-126.0	-47.56099597535111
121485003	121485345	54.0	-126.0	-126.0	-47.869157635795496
121484199	121484536	54.199999999999996	-126.0	-126.0	-47.91641851996803
121485009	121485337	54.49999999999999	-126.0	-126.0	-48.24063564131673
121484201	121484536	54.2	-126.0	-126.0	-48.36410476599397
121485393	121485400	51.3	-126.0	-126.0	-48.466646817434544
121485005	121485336	54.3	-126.0	-126.0	-48.70453630972168
121485184	121485190	50.9	-126.0	-126.0	-49.8737699005616
121485244	121485250	50.9	-126.0	-126.0	-49.8737699005616
121485256	121485262	50.9	-126.0	-126.0	-49.8737699005616
121485392	121485398	50.9	-126.0	-126.0	-49.8737699005616
121484850	121485185	53.9	-126.0	-126.0	-50.0128810648347
121485144	121485151	50.9	-126.0	-126.0	-50.12362619580837
121485193	121485201	50.9	-126.0	-126.0	-50.37468776019984
121485242	121485250	50.9	-126.0	-126.0	-50.37468776019984
121485384	121485392	50.9	-126.0	-126.0	-50.37468776019984
121485373	121485382	50.9	-126.0	-126.0	-50.62695309946262
121484098	121484425	54.099999999999994	-126.0	-126.0	-50.74025904612592
121485009	121485345	53.6	-126.0	-126.0	-51.422319474835874
121485186	121485346	56.3	-126.0	-126.0	-51.53846153846156
121485124	121485135	50.8	-126.0	-126.0	-51.55769205372355
121485004	121485346	53.3	-126.0	-126.0	-51.59231434080182
121485009	121485344	53.6	-126.0	-126.0	-51.66165736367539
121484783	121485103	54.19999999999999	-126.0	-126.0	-51.76470588235301
121484083	121484428	53.1	-126.0	-126.0	-51.91315034821793
121485245	121485251	50.4	-126.0	-126.0	-51.934669483229435
121485003	121485336	53.599999999999994	-126.0	-126.0	-52.141656121617665
121485205	121485212	50.4	-126.0	-126.0	-52.19485041877565
121485004	121485336	53.599999999999994	-126.0	-126.0	-52.38227918640293
121484856	121485187	53.49999999999999	-126.0	-126.0	-53.18311436119036
121484883	121485209	53.699999999999996	-126.0	-126.0	-53.26079175316775
121485005	121485337	53.4	-126.0	-126.0	-53.49679576483701
121485005	121485342	53.1	-126.0	-126.0	-53.905970834964
121484866	121485196	53.4	-126.0	-126.0	-53.98945518453427
121484866	121485209	52.8	-126.0	-126.0	-53.99593045377096
121351913	121352244	53.199999999999996	-126.0	-126.0	-54.862581130491094
121485186	121485345	55.8	-126.0	-126.0	-55.276984717257285
121484850	121485187	52.6	-126.0	-126.0	-56.62849461450764
121484866	121485194	52.99999999999999	-126.0	-126.0	-56.75368898978438
121484856	121485186	52.9	-126.0	-126.0	-56.80140597539543
121485003	121485337	52.699999999999996	-126.0	-126.0	-56.870729518945424
121485004	121485337	52.699999999999996	-126.0	-126.0	-57.13394234602786
121484198	121484536	52.4	-126.0	-126.0	-57.448682338594956
121485009	121485349	52.3	-126.0	-126.0	-57.449664429530216
121484881	121485210	52.79999999999999	-126.0	-126.0	-57.62610123408843
121484780	121485123	52.1	-126.0	-126.0	-57.70153352412777
121484424	121484764	52.1	-126.0	-126.0	-58.5234899328859
121484201	121484535	52.4	-126.0	-126.0	-58.52715853406033
121485004	121485345	51.9	-126.0	-126.0	-59.31764666588736
121484605	121484768	55.3	-126.0	-126.0	-59.561507408929415
121485172	121485335	55.3	-126.0	-126.0	-59.561507408929415
121484601	121484767	55.3	-126.0	-126.0	-59.86976382544468
121485174	121485341	55.3	-126.0	-126.0	-59.967387865365446
121485174	121485342	55.3	-126.0	-126.0	-60.062402496099864
121484866	121485210	51.6	-126.0	-126.0	-60.06322444678609
121484850	121485181	52.199999999999996	-126.0	-126.0	-60.460803694826915
121485005	121485341	51.9	-126.0	-126.0	-60.72210065645515
121484866	121485208	51.4	-126.0	-126.0	-61.698025397247534
121485004	121485344	51.5	-126.0	-126.0	-61.74496644295302
121484850	121485188	51.6	-126.0	-126.0	-61.784431949054934
121484856	121485185	51.89999999999999	-126.0	-126.0	-62.71075722533152
121485009	121485335	51.99999999999999	-126.0	-126.0	-62.99663540697262
121485186	121485342	54.699999999999996	-126.0	-126.0	-63.334605112552495
121484605	121484769	54.8	-126.0	-126.0	-63.54126307632703
121484098	121484428	51.699999999999996	-126.0	-126.0	-63.55008787346223
121484850	121485186	51.199999999999996	-126.0	-126.0	-64.55142231947485
121484850	121485182	51.4	-126.0	-126.0	-64.64196154917805
121484782	121485125	50.7	-126.0	-126.0	-65.11273966484141
121351916	121352244	51.49999999999999	-126.0	-126.0	-65.26674233825203
121485005	121485346	50.7	-126.0	-126.0	-65.73036522436165
121485003	121485335	51.099999999999994	-126.0	-126.0	-66.31373641682923
121485004	121485335	51.099999999999994	-126.0	-126.0	-66.61884851559633
121484881	121485209	51.199999999999996	-126.0	-126.0	-66.96935300794554
121484783	121485105	51.49999999999999	-126.0	-126.0	-67.05050652284822
121485003	121485348	50.2	-126.0	-126.0	-67.12003277345349
121484789	121485125	50.7	-126.0	-126.0	-67.2866520787746
121484850	121485189	50.5	-126.0	-126.0	-67.42974663272703
121484317	121484646	50.99999999999999	-126.0	-126.0	-67.7954132165746
121485005	121485335	50.9	-126.0	-126.0	-68.04920913884007
121484198	121484535	50.5	-126.0	-126.0	-68.06309448859092
121484605	121484767	54.099999999999994	-126.0	-126.0	-68.71923559501982
121484866	121485195	50.699999999999996	-126.0	-126.0	-69.49029854698895
121485016	121485348	50.5	-126.0	-126.0	-69.65728615213152
121484602	121484766	54.0	-126.0	-126.0	-69.74041069352964
121485186	121485341	53.79999999999999	-126.0	-126.0	-70.05353955978592
121484601	121484769	54.0	-126.0	-126.0	-70.20280811232449
121484603	121484768	53.9	-126.0	-126.0	-70.63674954517892
121484603	121484769	53.9	-126.0	-126.0	-70.75517543007096
121485102	121485273	53.8	-126.0	-126.0	-72.08442496510861
121484602	121484767	53.5	-126.0	-126.0	-73.74166161309886
121484601	121484768	53.5	-126.0	-126.0	-73.98573827545084
121485172	121485334	52.699999999999996	-126.0	-126.0	-79.52900299198922
121484601	121484766	52.699999999999996	-126.0	-126.0	-79.9514857489388
121484601	121484770	52.7	-126.0	-126.0	-80.46678547887012
121485175	121485344	52.3	-126.0	-126.0	-83.59170918678745
121485174	121485344	52.3	-126.0	-126.0	-83.71638141809294
121485173	121485341	52.199999999999996	-126.0	-126.0	-84.24336973478943
121485173	121485342	52.199999999999996	-126.0	-126.0	-84.37294011376679
121485109	121485271	52.0	-126.0	-126.0	-84.9338866904739
121484604	121484769	51.9	-126.0	-126.0	-86.16130988477867
121485182	121485347	51.9	-126.0	-126.0	-86.16130988477867
121484601	121484765	51.8	-126.0	-126.0	-86.7880666408369
121484604	121484770	51.8	-126.0	-126.0	-87.08329283701043
121485090	121485262	51.9	-126.0	-126.0	-87.09297763828953
121485153	121485314	51.599999999999994	-126.0	-126.0	-87.85915560800564
121484605	121484766	51.49999999999999	-126.0	-126.0	-88.62984995544429
121485184	121485347	51.5	-126.0	-126.0	-88.95549807827118
121485172	121485336	51.49999999999999	-126.0	-126.0	-89.11274699728793
121485164	121485334	51.5	-126.0	-126.0	-89.97555012224939
121484602	121484769	51.4	-126.0	-126.0	-90.34048042055052
121484603	121484770	51.4	-126.0	-126.0	-90.34048042055052
121484603	121484767	51.3	-126.0	-126.0	-90.66253390158856
121485172	121485337	51.3	-126.0	-126.0	-90.81867798665861
121485109	121485270	51.199999999999996	-126.0	-126.0	-90.9419329977602
121485109	121485273	51.0	-126.0	-126.0	-92.98721425803951
121485184	121485348	51.0	-126.0	-126.0	-92.98721425803951
121484602	121484765	50.9	-126.0	-126.0	-93.59665449974621
121485164	121485335	51.0	-126.0	-126.0	-94.02316299796772
121484602	121484768	50.9	-126.0	-126.0	-94.08105743998446
121484741	121484911	50.8	-126.0	-126.0	-95.45232273838633
121484604	121484767	50.599999999999994	-126.0	-126.0	-95.91723271048374
121484604	121484768	50.599999999999994	-126.0	-126.0	-96.08678806664088
121485182	121485344	50.49999999999999	-126.0	-126.0	-96.51578033008403
121484741	121484910	50.599999999999994	-126.0	-126.0	-96.87263494543595
121485173	121485344	50.6	-126.0	-126.0	-97.1572684312333
121485172	121485338	50.5	-126.0	-126.0	-97.19117504130625
121485184	121485352	50.5	-126.0	-126.0	-97.50390015600624
121485182	121485352	50.5	-126.0	-126.0	-97.79951100244499
121485242	121485403	50.3	-126.0	-126.0	-97.878182124708
121484741	121484913	50.5	-126.0	-126.0	-98.07767752059631
121485179	121485352	50.5	-126.0	-126.0	-98.21012055292299
121485102	121485265	50.199999999999996	-126.0	-126.0	-99.01133699146708
121484741	121484912	50.199999999999996	-126.0	-126.0	-100.29137386449894
121485175	121485347	50.2	-126.0	-126.0	-100.4315417810906
